question,question_tag,property,model,model_tag
问亲子鉴定最快多长时间可以,问题,包含,婚姻,模块
问打印的遗嘱可以生效吗,问题,包含,婚姻,模块
问根据法律规定，哪些行为会导致丧失继承权,问题,包含,婚姻,模块
问代书遗嘱的见证人不出庭作证有效吗,问题,包含,婚姻,模块
问变更抚养权协议不经法院审理有效吗,问题,包含,婚姻,模块
问男女双方起诉离婚可以去法院吗,问题,包含,婚姻,模块
问现在是否还有社会抚养费,问题,包含,婚姻,模块
问分割遗产时遵循的原则是什么,问题,包含,婚姻,模块
问婚前买的房子婚后可以算共同财产吗,问题,包含,婚姻,模块
问嫁妆和彩礼是夫妻共同财产吗,问题,包含,婚姻,模块
问孙女能继承爷爷遗产吗,问题,包含,婚姻,模块
问婚前全款买房婚后办房产证属于共同财产吗,问题,包含,婚姻,模块
问一般起诉离婚调解期是多久,问题,包含,婚姻,模块
问继承人放弃继承时间有效期是如何的,问题,包含,婚姻,模块
问法定继承发生的条件是什么,问题,包含,婚姻,模块
问离婚房产应该如何分割,问题,包含,婚姻,模块
问断绝父子关系协议是否具有法律效力,问题,包含,婚姻,模块
问父母将房屋交给子女有哪几种方式,问题,包含,婚姻,模块
问一方死亡怎么要孩子的抚养权,问题,包含,婚姻,模块
问现在婚姻法可以强制离婚吗,问题,包含,婚姻,模块
问夫妻共同房产分割的执行,问题,包含,婚姻,模块
问公积金是否计入夫妻共同财产,问题,包含,婚姻,模块
问向法院提起离婚的程序步骤有哪些,问题,包含,婚姻,模块
问知识产权收益属于夫妻的共同财产吗,问题,包含,婚姻,模块
问离婚方式有哪几种,问题,包含,婚姻,模块
问我国婚姻法规定的夫妻财产有哪些,问题,包含,婚姻,模块
问女方起诉离婚两个小孩怎么判,问题,包含,婚姻,模块
问再次起诉离婚是否一定能离婚,问题,包含,婚姻,模块
问父母遗弃孩子孩子需要怎样维权,问题,包含,婚姻,模块
问法院判决离婚后一方反悔怎么办,问题,包含,婚姻,模块
问离婚财产转移父母鉴定属实后怎么保护财产,问题,包含,婚姻,模块
问离婚财产调查需要查的内容有哪些,问题,包含,婚姻,模块
问离婚经济补偿违约该怎么办,问题,包含,婚姻,模块
问继子继女的抚养如何规定,问题,包含,婚姻,模块
问离婚时婚前房子财产如何分割,问题,包含,婚姻,模块
问夫妻分居导致离婚需要提供什么证据分居,问题,包含,婚姻,模块
问离婚诉讼中要提交哪些材料,问题,包含,婚姻,模块
问如何证明这是夫妻共同财产,问题,包含,婚姻,模块
问孩子十一个月离婚判给谁,问题,包含,婚姻,模块
问女方有外遇离婚怎么判,问题,包含,婚姻,模块
问法院对同居者财产分割案受理吗,问题,包含,婚姻,模块
问母亲死后孩子应由谁抚养,问题,包含,婚姻,模块
问同居期间财产是否属于共同财产,问题,包含,婚姻,模块
问同居者分割财产的流程是怎么样的,问题,包含,婚姻,模块
问未成年监护人包括哪些职责,问题,包含,婚姻,模块
问婚内自愿声明及承诺有效吗,问题,包含,婚姻,模块
问离婚案件可以要求损害赔偿的有哪些,问题,包含,婚姻,模块
问继子女能继承继父继母的遗产吗,问题,包含,婚姻,模块
问离婚时孩子抚养权如何判决,问题,包含,婚姻,模块
问孩子跟妈妈姓离婚会判给谁,问题,包含,婚姻,模块
问适用代位继承必须符合哪些条件,问题,包含,婚姻,模块
问法院离婚调解书当场给吗,问题,包含,婚姻,模块
问协议离婚一般的子女抚养费如何做,问题,包含,婚姻,模块
问离婚后如何赔偿精神损失费,问题,包含,婚姻,模块
问离婚女方能得到什么赔偿,问题,包含,婚姻,模块
问恋爱期间一方给对方的礼物是否需要归还,问题,包含,婚姻,模块
问离婚财产协议不合理的可以起诉么,问题,包含,婚姻,模块
"问没有结婚证,离婚孩子抚养权归什么人",问题,包含,婚姻,模块
问婚后按揭买房离婚财产如何分配,问题,包含,婚姻,模块
问孩子不是亲生的离婚时能要求返还抚养费吗,问题,包含,婚姻,模块
问协议离婚后抚养费纠纷如何处理,问题,包含,婚姻,模块
问夫妻离婚后祖父母能追讨抚养费吗,问题,包含,婚姻,模块
问离婚协议中能写不给孩子抚养费吗,问题,包含,婚姻,模块
问法律规定孩子监护人是谁,问题,包含,婚姻,模块
问未婚生子怎么办,问题,包含,婚姻,模块
问父母分手非婚生子女应该归谁抚养,问题,包含,婚姻,模块
问一方患有精神病要求离婚要满足什么条件,问题,包含,婚姻,模块
问离婚约定会引发什么财产纠纷,问题,包含,婚姻,模块
问子女成年后是否能向离异父母追讨抚养费,问题,包含,婚姻,模块
问离婚后孩子的抚养费标准是怎样算,问题,包含,婚姻,模块
问离婚后孩子抚养费怎么给,问题,包含,婚姻,模块
问一方抚养的子女另一方需要支付抚养费吗,问题,包含,婚姻,模块
问分割夫妻共同财产遵循哪些原则呢,问题,包含,婚姻,模块
问非法同居财产怎么分割,问题,包含,婚姻,模块
问哪些财产离婚后不被分割,问题,包含,婚姻,模块
问男人无精症可以离婚吗,问题,包含,婚姻,模块
问婚姻一方有错可以得到赔偿吗,问题,包含,婚姻,模块
问离婚如何对公司财产进行分割,问题,包含,婚姻,模块
问结婚后配偶的哪些财产有你的份,问题,包含,婚姻,模块
问不兑现离婚协议时另一方该如何维权,问题,包含,婚姻,模块
问未满周岁宝宝抚养权由谁所有,问题,包含,婚姻,模块
问未婚先孕男方要抚养怎么办,问题,包含,婚姻,模块
问原告起诉离婚可以延期开庭吗,问题,包含,婚姻,模块
问成年子女抚养费的给付期限是多长时间,问题,包含,婚姻,模块
问离婚后男方能有抚养权吗,问题,包含,婚姻,模块
问夫妻男方死亡财产会归谁所有呢,问题,包含,婚姻,模块
问怀孕期间被家暴犯法吗,问题,包含,婚姻,模块
问女性怎么摆脱家庭暴力,问题,包含,婚姻,模块
问起诉离婚如何分割财产和债务,问题,包含,婚姻,模块
问夫妻离婚财产给孩子有没有利呢,问题,包含,婚姻,模块
问法院离婚案件一般如何受理,问题,包含,婚姻,模块
问被监护人受到侵害怎么办,问题,包含,婚姻,模块
问谁是成年孩子的监护人,问题,包含,婚姻,模块
问一方过错方离婚抚养费有多少,问题,包含,婚姻,模块
问什么时候提出离婚不受限,问题,包含,婚姻,模块
问一方执意离婚可以要孩子抚养权吗,问题,包含,婚姻,模块
问在我国有关婚后财产房产怎么分,问题,包含,婚姻,模块
问嫁妆是否属于夫妻共同财产,问题,包含,婚姻,模块
问继父母要给继子女抚养费吗,问题,包含,婚姻,模块
问男方哪些情况下不可以提出离婚,问题,包含,婚姻,模块
问自书遗嘱有哪些生效要件,问题,包含,婚姻,模块
问离婚后探视权怎样争取,问题,包含,婚姻,模块
问起诉离婚哪里可以起诉,问题,包含,婚姻,模块
问子女主张抚养费包括什么依据,问题,包含,婚姻,模块
问要如何判定小孩的抚养权,问题,包含,婚姻,模块
问离婚需要准备的证据有哪些,问题,包含,婚姻,模块
问离婚之前的抚养费如何处理,问题,包含,婚姻,模块
问夫妻之间的共同财产怎样界定,问题,包含,婚姻,模块
问根据新政策已生二孩社会抚养费吗,问题,包含,婚姻,模块
问代书遗嘱一个见证人有效吗,问题,包含,婚姻,模块
问处分了小产权房的遗嘱是否有效,问题,包含,婚姻,模块
问离婚时小孩子的抚养费怎样分担,问题,包含,婚姻,模块
问婚外情是怎样分配财产的,问题,包含,婚姻,模块
问十年夫妻如何分离婚财产,问题,包含,婚姻,模块
问夫妻一方在婚内出轨财产如何分,问题,包含,婚姻,模块
问抚养权归属及抚养费数额如何确定,问题,包含,婚姻,模块
问诉讼离婚的程序有什么,问题,包含,婚姻,模块
问离婚协议可不可以对抗债权,问题,包含,婚姻,模块
问起诉离婚妻子转移财产怎么办,问题,包含,婚姻,模块
问贷款买房离婚房子归谁怎么处理,问题,包含,婚姻,模块
问夫妻间婚内保证书有效吗,问题,包含,婚姻,模块
问拥有抚养权的是否可以放弃权力,问题,包含,婚姻,模块
问离婚后彩礼退吗,问题,包含,婚姻,模块
问一般协议离婚财产的分配是什么,问题,包含,婚姻,模块
问结婚时买首饰算婚内个人财产吗,问题,包含,婚姻,模块
问离婚即丧失全部财产的协议是否有效,问题,包含,婚姻,模块
问父母离婚后子女如何尽赡养义务,问题,包含,婚姻,模块
问在哪些情况下，当事人可以要求返还彩礼,问题,包含,婚姻,模块
问离婚后起诉要求分割财产的时效问题,问题,包含,婚姻,模块
问婚前房产未公证可以变化共有财产吗,问题,包含,婚姻,模块
问离婚一方私自带走孩子违法吗,问题,包含,婚姻,模块
问一个人可以去办离婚吗,问题,包含,婚姻,模块
问不履行离婚协议书的诉讼时效是什么,问题,包含,婚姻,模块
问离婚协议不支付抚养费的约定是否有效,问题,包含,婚姻,模块
问法律规定娃娃哺乳期能不能离婚,问题,包含,婚姻,模块
问离婚协议中是否可以约定不承担抚养费,问题,包含,婚姻,模块
问委托办理结婚登记可以吗,问题,包含,婚姻,模块
问离婚诉讼中小孩会怎么判,问题,包含,婚姻,模块
问离婚不要财产抚养费可以不给吗,问题,包含,婚姻,模块
问离婚财产可以赠与父母吗,问题,包含,婚姻,模块
问无效婚姻财产如何分割,问题,包含,婚姻,模块
问哪些人是无民事行为能力人的法定监护人,问题,包含,婚姻,模块
问离婚十年了抚养费可以追要几年的,问题,包含,婚姻,模块
问离婚协议书中如何约定对孩子抚养及户口,问题,包含,婚姻,模块
问法律规定离婚需要的条件,问题,包含,婚姻,模块
问收养子女的条件有什么,问题,包含,婚姻,模块
问婚姻无效判决是否能上诉,问题,包含,婚姻,模块
问离婚一方不去法院起诉离婚吗,问题,包含,婚姻,模块
问离婚房子是婚后一方父母买的怎么分割,问题,包含,婚姻,模块
问继承权可以随意放弃和转让吗,问题,包含,婚姻,模块
问双胞胎的抚养费是怎么规定的,问题,包含,婚姻,模块
问男方放弃孩子抚养权可以吗,问题,包含,婚姻,模块
问精神病人离婚财产分割是怎么样的,问题,包含,婚姻,模块
问一方不让探望子女怎么办,问题,包含,婚姻,模块
问离婚女方可以不退还彩礼吗,问题,包含,婚姻,模块
问未成年人的监护人需要开证明吗,问题,包含,婚姻,模块
问法律规定可以判决离婚的情形有哪些,问题,包含,婚姻,模块
问妊娠期离婚孩子抚养权判给谁,问题,包含,婚姻,模块
问刚结婚就离婚彩礼退吗,问题,包含,婚姻,模块
问离婚后可以变更孩子抚养权吗,问题,包含,婚姻,模块
问离婚男方要孩子抚养权应该怎么办,问题,包含,婚姻,模块
问被收养的子女对生父母有赡养义务吗,问题,包含,婚姻,模块
问家暴可以争取孩子抚养权吗,问题,包含,婚姻,模块
问如何计算私生子的抚养费,问题,包含,婚姻,模块
问离婚诉讼案件需要哪些证据,问题,包含,婚姻,模块
问父母都可以是监护人吗,问题,包含,婚姻,模块
问编造虚假恐怖信息罪的刑事责任是什么,问题,包含,婚姻,模块
问夫妻双方是否互为监护人,问题,包含,婚姻,模块
问离婚房产给未成年孩子是否可以,问题,包含,婚姻,模块
问起诉离婚开庭被告不到场怎么办,问题,包含,婚姻,模块
问夫妻婚后有哪些财产,问题,包含,婚姻,模块
问子女抚养权优先考虑的情形,问题,包含,婚姻,模块
问怎么确定未成年子女抚养权归属,问题,包含,婚姻,模块
问父母死亡有谁抚养孩子呢,问题,包含,婚姻,模块
问父母遗弃孩子需不需要赡养,问题,包含,婚姻,模块
问婚内签订离婚协议是否有效,问题,包含,婚姻,模块
问自书遗嘱的法律效力,问题,包含,婚姻,模块
问离婚诉讼由谁举证呢,问题,包含,婚姻,模块
问离婚不尽抚养义务的证据怎么处理,问题,包含,婚姻,模块
问子女抚养费应如何确定,问题,包含,婚姻,模块
问离婚协议书有法律效力吗,问题,包含,婚姻,模块
问协议离婚是否需要抚养费不给抚养费,问题,包含,婚姻,模块
问婚后一年离婚财产分割标准有什么,问题,包含,婚姻,模块
问派出所可以查到已婚或离婚吗,问题,包含,婚姻,模块
问丈夫外遇离婚怎么赔偿,问题,包含,婚姻,模块
问非婚生子女是否有义务赡养生父,问题,包含,婚姻,模块
问离婚诉讼中如何主张小孩的抚养权和抚养费,问题,包含,婚姻,模块
问坐牢期间如何付抚养费,问题,包含,婚姻,模块
问夫妻财产分割协议能反悔吗,问题,包含,婚姻,模块
问夫妻协议可以对抗善意第三人吗,问题,包含,婚姻,模块
问夫妻离婚彩礼钱可以要回来吗,问题,包含,婚姻,模块
问谁来承担夫妻离婚财产评估费,问题,包含,婚姻,模块
问离婚时女方应该如何去争取孩子的抚养权,问题,包含,婚姻,模块
问父亲拒不支付抚养费构成遗弃罪吗,问题,包含,婚姻,模块
问父母离婚抚养权归谁怎么判,问题,包含,婚姻,模块
问女方可以起诉离婚要孩子抚养权吗,问题,包含,婚姻,模块
问怎样处理没拿结婚证离婚财产,问题,包含,婚姻,模块
问怎么获得法定监护人的赔偿,问题,包含,婚姻,模块
问未婚男女申请结婚登记要多长时间,问题,包含,婚姻,模块
问夫妻共同财产和遗产怎么分割,问题,包含,婚姻,模块
问夫妻打架算家暴吗,问题,包含,婚姻,模块
问过户后的离婚房能买吗,问题,包含,婚姻,模块
问夫妻双方如何办理离婚证,问题,包含,婚姻,模块
问离异母亲要如何维护孩子探视权,问题,包含,婚姻,模块
问放弃探望权的约定有效吗,问题,包含,婚姻,模块
问怀孕七个月协议离婚民政局不给办理怎么办,问题,包含,婚姻,模块
问夫妻离婚房产还可以共有吗,问题,包含,婚姻,模块
问遗产继承开始起算时间法律如何规定,问题,包含,婚姻,模块
问女方失业离婚要求男方赔偿可以吗,问题,包含,婚姻,模块
问一方婚前的债务要怎么清偿,问题,包含,婚姻,模块
问婚姻法对离婚后探视孩子的规定,问题,包含,婚姻,模块
问婚前购房婚后取得房产证如何分割,问题,包含,婚姻,模块
问离婚后是否要一起还债,问题,包含,婚姻,模块
问男方不出抚养费可以改姓吗,问题,包含,婚姻,模块
问公司给抚养费归谁保管,问题,包含,婚姻,模块
问婚姻无效的情形是有哪些,问题,包含,婚姻,模块
问离婚诉讼不到场如何处理,问题,包含,婚姻,模块
问法律中结婚的必备条件都有哪些,问题,包含,婚姻,模块
问离婚协议对房产如何分割,问题,包含,婚姻,模块
问离婚前债务婚后是否共同承担,问题,包含,婚姻,模块
问离婚了的父母可以轮流抚养孩子吗,问题,包含,婚姻,模块
问男方没钱给抚养费会坐牢吗,问题,包含,婚姻,模块
问家暴离婚能多分财产吗,问题,包含,婚姻,模块
问离婚男方放弃抚养权可以么,问题,包含,婚姻,模块
问女方交的抚养费后来不给如何处理,问题,包含,婚姻,模块
问子女抚养费增加的情形有哪些,问题,包含,婚姻,模块
问离婚后子女抚养费规定有什么,问题,包含,婚姻,模块
问一方有家暴离婚时怎么分割房产,问题,包含,婚姻,模块
问外嫁女可以申请宅基地吗,问题,包含,婚姻,模块
问遗嘱公证办理都需要什么条件,问题,包含,婚姻,模块
问抚养孩子的一方能够分到多少财产,问题,包含,婚姻,模块
问怀孕预产期内可以离婚吗,问题,包含,婚姻,模块
问男方能起诉女方要求抚养费吗,问题,包含,婚姻,模块
问夫妻隐瞒债务如何承担,问题,包含,婚姻,模块
问夫妻离婚了债务如何处理,问题,包含,婚姻,模块
问人过世后债务要怎么继承,问题,包含,婚姻,模块
问想离婚可以在异地起诉离婚吗,问题,包含,婚姻,模块
问离婚案件中夫妻共同债权债务怎么处理,问题,包含,婚姻,模块
问对子女的探望权能否申请法院强制执行,问题,包含,婚姻,模块
问因第三者插足离婚怎么索赔,问题,包含,婚姻,模块
问我国协议离婚的受理条件,问题,包含,婚姻,模块
问哪些亲属间不可以结婚,问题,包含,婚姻,模块
问离婚后前妻一直不给抚养费怎么办,问题,包含,婚姻,模块
问分居起诉离婚要几年,问题,包含,婚姻,模块
问夫妻没小孩离婚财产怎么分割,问题,包含,婚姻,模块
问夫妻约定财产协议是否具有法律效力,问题,包含,婚姻,模块
问夫妻中的一方出轨是否可以离婚,问题,包含,婚姻,模块
问夫妻分居协议是否有效,问题,包含,婚姻,模块
问协议离婚需要多长时间才能办理完毕,问题,包含,婚姻,模块
问导致婚姻感情破裂的情形有哪些,问题,包含,婚姻,模块
问离婚财产分割原则是什么,问题,包含,婚姻,模块
问什么情况下可追加子女抚养费,问题,包含,婚姻,模块
问男方吸毒离婚小孩抚养权归谁,问题,包含,婚姻,模块
问离婚协议书写明不给抚养费是否合法有效,问题,包含,婚姻,模块
问双方满18岁是否可以结婚,问题,包含,婚姻,模块
问离婚后还有担保责任吗,问题,包含,婚姻,模块
问工伤赔偿款是夫妻共同财产吗,问题,包含,婚姻,模块
问生下孩子却不管孩子算遗弃罪吗,问题,包含,婚姻,模块
问离婚财产孩子可以分到吗,问题,包含,婚姻,模块
问夫妻离婚房产价值如何计算,问题,包含,婚姻,模块
问在我国自己能否起诉离婚,问题,包含,婚姻,模块
问起诉离婚以后不分居可以吗,问题,包含,婚姻,模块
问离婚后孩子抚养费给多少如何给付,问题,包含,婚姻,模块
问起诉离婚程序是怎么样的,问题,包含,婚姻,模块
问法院判决离婚需要到民政局办离婚证吗,问题,包含,婚姻,模块
问离婚女方抚养小孩男方是否支付抚养费,问题,包含,婚姻,模块
问异地起诉离婚需要多久,问题,包含,婚姻,模块
问什么原因导致婚姻终止,问题,包含,婚姻,模块
问夫妻一起供楼离婚怎么办,问题,包含,婚姻,模块
问结婚彩礼在离婚时一定要返还吗,问题,包含,婚姻,模块
问起诉离婚本人不去可以吗,问题,包含,婚姻,模块
问离婚家庭孩子抚养费给多少合适,问题,包含,婚姻,模块
问监护的设立方式有哪些,问题,包含,婚姻,模块
问监护人为共同被告合理吗,问题,包含,婚姻,模块
问监护人的职责包括哪些,问题,包含,婚姻,模块
问离婚后女方一定要给抚养费吗,问题,包含,婚姻,模块
问房屋由儿女出资登记在父母名下怎么处理,问题,包含,婚姻,模块
问代书遗嘱的无效情形有哪些,问题,包含,婚姻,模块
问子女抚养权法院是如何判决的,问题,包含,婚姻,模块
问什么情况下可以变更监护权,问题,包含,婚姻,模块
问欺诈婚姻的效力是什么,问题,包含,婚姻,模块
问在失业后抚养费能不支付吗,问题,包含,婚姻,模块
问爷爷能否争取孙子的抚养权,问题,包含,婚姻,模块
问夫妻一方要起诉离婚应去哪个法院,问题,包含,婚姻,模块
问撤销婚姻需要当事人出庭吗,问题,包含,婚姻,模块
问婚后由父母出钱买的车属于谁的,问题,包含,婚姻,模块
问婚前没有告知不能性生活能离婚吗,问题,包含,婚姻,模块
问财产分割协议书有法律效力吗,问题,包含,婚姻,模块
问夫妻可以异地起诉离婚吗,问题,包含,婚姻,模块
问离婚财产分割的法律依据有哪些,问题,包含,婚姻,模块
问离婚孩子姓名可以改吗,问题,包含,婚姻,模块
问未办理结婚登记可以要求退还彩礼吗,问题,包含,婚姻,模块
问彩礼为夫妻共同财产吗,问题,包含,婚姻,模块
问离婚财产分割仲裁书有效吗,问题,包含,婚姻,模块
问结婚一年离婚孩子归谁,问题,包含,婚姻,模块
问离婚对方不肯给探视怎么办,问题,包含,婚姻,模块
问夫妻一方要是擅自卖共有房怎么办,问题,包含,婚姻,模块
问我国婚姻法对重婚怎么规定的,问题,包含,婚姻,模块
问发现配偶有婚外情法院一定会判离吗,问题,包含,婚姻,模块
问离婚官司第一次的证据怎么调取,问题,包含,婚姻,模块
问起诉离婚出轨怎么会判决离婚吗,问题,包含,婚姻,模块
问彩礼返还的条件有什么呢,问题,包含,婚姻,模块
问一方犯罪法院会没收夫妻共同财产吗,问题,包含,婚姻,模块
问前夫不愿意出抚养费可以起诉吗,问题,包含,婚姻,模块
问夫妻离婚时多大孩子可以自己选择归谁抚养,问题,包含,婚姻,模块
问口头遗嘱不公证能否生效,问题,包含,婚姻,模块
问结婚后有哪些财产不属于夫妻共同财产,问题,包含,婚姻,模块
问夫妻一方出轨还能争取到孩子的抚养权吗,问题,包含,婚姻,模块
问夫妻一方死亡共有房产是谁的,问题,包含,婚姻,模块
问抚养费给子女到什么年纪呢,问题,包含,婚姻,模块
问夫妻离婚时财产被一方转移如何处理,问题,包含,婚姻,模块
问起诉离婚后要怎么办呢,问题,包含,婚姻,模块
问非婚生子男方可以要抚养权吗？,问题,包含,婚姻,模块
问恶意转移财产离婚怎么分割财产？,问题,包含,婚姻,模块
问怀孕期间离婚如何申请？,问题,包含,婚姻,模块
问协议离婚了孩子怎么办？,问题,包含,婚姻,模块
问女方上诉离婚的程序要多久？,问题,包含,婚姻,模块
问离婚诉讼财产纠纷如何处理？,问题,包含,婚姻,模块
问夫妻共有房产离婚协议如何分割？,问题,包含,婚姻,模块
问非婚生子如何给抚养费？,问题,包含,婚姻,模块
问夫妻离婚婚前财产会被分割吗？,问题,包含,婚姻,模块
问离婚协议的股权变更有效吗？,问题,包含,婚姻,模块
问可以约定离婚后财产分割吗？,问题,包含,婚姻,模块
问不给子女抚养费怎么办？,问题,包含,婚姻,模块
问怀孕期间离婚起诉书怎么写？,问题,包含,婚姻,模块
问夫妻个人债务包括哪些方面的范围,问题,包含,婚姻,模块
问不给子女抚养费要坐牢吗,问题,包含,婚姻,模块
问感情破裂的情形有哪些,问题,包含,婚姻,模块
问夫妻之间协议离婚手续怎么办理,问题,包含,婚姻,模块
问面对家庭暴力应当怎么办,问题,包含,婚姻,模块
问直系亲属之间能不能结婚,问题,包含,婚姻,模块
问离婚子女抚养权的判定原则是什么,问题,包含,婚姻,模块
问对方在异地起诉抚养费应该怎么处理,问题,包含,婚姻,模块
问没有经过公证的遗嘱有效吗,问题,包含,婚姻,模块
问一方婚外生子离婚另一方可以要求赔偿吗,问题,包含,婚姻,模块
问男方在哪些情形下不得提出离婚,问题,包含,婚姻,模块
问子女抚养费可以申请强制执行吗,问题,包含,婚姻,模块
问离婚时恶意转移财产的处罚有什么,问题,包含,婚姻,模块
问同居关系下子女抚养权归属如何确定,问题,包含,婚姻,模块
问姐姐有抚养同父异母的弟妹的义务吗,问题,包含,婚姻,模块
问离婚后可以再提财产分割吗,问题,包含,婚姻,模块
问无工作能不付抚育费吗?,问题,包含,婚姻,模块
问事实婚姻判决书有离婚证吗?,问题,包含,婚姻,模块
问小孩探视权可以放弃吗?,问题,包含,婚姻,模块
问非婚生子女抚养费有追诉期吗?,问题,包含,婚姻,模块
问婚前协议婚后作废吗?,问题,包含,婚姻,模块
问如何起诉更改抚养费？,问题,包含,婚姻,模块
问公证遗嘱能撤销吗？,问题,包含,婚姻,模块
问不让对方探望子女应罚款多少?,问题,包含,婚姻,模块
问房产遗嘱公证有效期是多久?,问题,包含,婚姻,模块
问婚姻法中对出轨方的处罚有哪些?,问题,包含,婚姻,模块
问离婚时女方名下的财产如何分割？,问题,包含,婚姻,模块
问离婚如何分割房产？,问题,包含,婚姻,模块
问买房有外债离婚会拍卖房子吗？,问题,包含,婚姻,模块
问女方出轨离婚怎么判财产？,问题,包含,婚姻,模块
问结婚证怎么补办吗？,问题,包含,婚姻,模块
问不符合婚姻条件的法律后果是什么？,问题,包含,婚姻,模块
问过错方离婚会净身出户吗？,问题,包含,婚姻,模块
问一个人怎么补办结婚证？,问题,包含,婚姻,模块
问家暴离婚财产怎么分？,问题,包含,婚姻,模块
问财产纠纷能做为离婚原因吗？,问题,包含,婚姻,模块
问同居关系的财产怎么分配？,问题,包含,婚姻,模块
问离婚怎么要求赔偿？,问题,包含,婚姻,模块
问因生育纠纷如何离婚？,问题,包含,婚姻,模块
问订婚纠纷如何处理？,问题,包含,婚姻,模块
问单方提出离婚财产怎么分？,问题,包含,婚姻,模块
问夫妻财产如何夫妻财产？,问题,包含,婚姻,模块
问非婚生子女抚养费是多少？,问题,包含,婚姻,模块
问在办理离婚手续期间出轨有赔偿吗？,问题,包含,婚姻,模块
问离婚证据充足被告缺席怎么处理？,问题,包含,婚姻,模块
问家庭冷暴力离婚补偿多少？,问题,包含,婚姻,模块
问怀孕期间离婚法律怎么判？,问题,包含,婚姻,模块
问婚内抚养费不给怎么办？,问题,包含,婚姻,模块
问起诉离婚手续要多久？,问题,包含,婚姻,模块
问哺乳期离婚男方可以起诉要孩子吗？,问题,包含,婚姻,模块
问外遇影响离婚财产分割吗？,问题,包含,婚姻,模块
问双方婚前财产离婚要分吗？,问题,包含,婚姻,模块
问怎样收集家暴离婚证据？,问题,包含,婚姻,模块
问女方婚前贷款房子归谁？,问题,包含,婚姻,模块
问离婚时未约定抚养费可以追讨吗？,问题,包含,婚姻,模块
问诉讼离婚债务认定是怎样的？,问题,包含,婚姻,模块
问离婚后夫妻债务还承担连带责任吗？,问题,包含,婚姻,模块
问婚外情离婚的后果,问题,包含,婚姻,模块
问离婚后共同债务跟抚养费冲突吗？,问题,包含,婚姻,模块
问离婚追偿权纠纷如何解决？,问题,包含,婚姻,模块
问夫妻离婚新生儿怎么判？,问题,包含,婚姻,模块
问无效婚姻婚姻无效由谁宣告？,问题,包含,婚姻,模块
问贷款买房离婚时如何分割？,问题,包含,婚姻,模块
问事实婚姻怎么协议离婚？,问题,包含,婚姻,模块
问结婚登记的时限为多久？,问题,包含,婚姻,模块
问忠诚协议中关于房产的约定是否有效？,问题,包含,婚姻,模块
问单方提出离婚怎么赔偿？,问题,包含,婚姻,模块
问婚姻法抚养费可以一次性给清吗？,问题,包含,婚姻,模块
问孩子参加离婚财产分割吗？,问题,包含,婚姻,模块
问办理协议离婚房产手续都有哪些？,问题,包含,婚姻,模块
问夫妻婚后买房产权归谁所拥有？,问题,包含,婚姻,模块
问离婚协议孩子监护权有效吗？,问题,包含,婚姻,模块
问离婚财产分割提交证据时间？,问题,包含,婚姻,模块
问离婚彩礼算财产分割吗？,问题,包含,婚姻,模块
问抚养权的归属如何决定,问题,包含,婚姻,模块
问遗产分割协议的内容都有哪些,问题,包含,婚姻,模块
问夫妻约定财产需要符合哪些要件,问题,包含,婚姻,模块
问社会抚养费不交判几年,问题,包含,婚姻,模块
问抚养义务可以放弃吗,问题,包含,婚姻,模块
问子女抚养权是如何规定的,问题,包含,婚姻,模块
问抚养权变更的法定条件是什么,问题,包含,婚姻,模块
问夫妻两地分居怎么起诉离婚,问题,包含,婚姻,模块
问离婚证据有哪几种,问题,包含,婚姻,模块
问起诉离婚但没有直接的证据怎样处理,问题,包含,婚姻,模块
问离婚后更改孩子抚养权的情况是什么,问题,包含,婚姻,模块
问夫妻一方重婚应到哪里诉讼？,问题,包含,婚姻,模块
问非婚生子能要回抚养权吗？,问题,包含,婚姻,模块
问家暴离婚有精神损失费吗？,问题,包含,婚姻,模块
问离婚时股票如何分割,问题,包含,婚姻,模块
问行政程序登记离婚的条件？,问题,包含,婚姻,模块
问离婚财产继承纠纷如何处理？,问题,包含,婚姻,模块
问孩子过继后还有赡养义务吗,问题,包含,婚姻,模块
问家暴离婚起诉多久受理？,问题,包含,婚姻,模块
问如何认定口头遗嘱具有法律效力,问题,包含,婚姻,模块
问单方申请离婚的程序是怎样？,问题,包含,婚姻,模块
问民政局办离婚有时间限制吗？,问题,包含,婚姻,模块
问离婚后对方带走孩子不让见怎么办?,问题,包含,婚姻,模块
问夫妻财产公证后有效吗？,问题,包含,婚姻,模块
问夫妻一方对离婚有过错怎么办？,问题,包含,婚姻,模块
问监视居住能否出门,问题,包含,婚姻,模块
问离婚协议中约定的赠与能否撤销？,问题,包含,婚姻,模块
问离婚债务分割法律规定？,问题,包含,婚姻,模块
问同父异母是否具有抚养义务,问题,包含,婚姻,模块
问监护人对被监护人应该遵守哪些义务,问题,包含,婚姻,模块
问限制民事行为能力人需要监护人吗,问题,包含,婚姻,模块
问离婚一定要双方同意才能离吗,问题,包含,婚姻,模块
问夫妻一方意外死亡后的遗产如何进行分配,问题,包含,婚姻,模块
问婚后买房写一方名字离婚怎么分？,问题,包含,婚姻,模块
问录音遗嘱可以具有法律效力吗,问题,包含,婚姻,模块
问同居赠与财产是否有效？,问题,包含,婚姻,模块
问未出世的胎儿是否有继承权,问题,包含,婚姻,模块
问送养孩子应提交哪些材料？,问题,包含,婚姻,模块
问分居期间和别人同居算重婚吗,问题,包含,婚姻,模块
问夫妻感情破裂的证明责任是谁,问题,包含,婚姻,模块
问离婚夫妻要如何争抚养权,问题,包含,婚姻,模块
问离婚后夫妻一方可以提出损害赔偿吗,问题,包含,婚姻,模块
问夫妻协议离婚后能否要求重新分割财产,问题,包含,婚姻,模块
问老人一方去世财产分割怎样进行,问题,包含,婚姻,模块
问在我国介绍买卖婚姻是否犯罪,问题,包含,婚姻,模块
问逃避债务假离婚这样可以吗,问题,包含,婚姻,模块
问哺乳期诉讼离婚需要哪些手续,问题,包含,婚姻,模块
问抚养费标准怎么确定,问题,包含,婚姻,模块
问协议离婚一年后财产还可以上诉分割吗,问题,包含,婚姻,模块
问如何应对婚后家庭暴力,问题,包含,婚姻,模块
问起诉离婚期间男方骚扰怎么办,问题,包含,婚姻,模块
问只有身份证可以离婚么,问题,包含,婚姻,模块
问离婚诉讼中的夫妻财产如何分,问题,包含,婚姻,模块
问要求增加抚养费条件有什么,问题,包含,婚姻,模块
问遗嘱有何种形式怎么变更公证遗嘱,问题,包含,婚姻,模块
问单方起诉离婚需要具备什么条件,问题,包含,婚姻,模块
问离婚时一方要求返还彩礼和嫁妆如何处理,问题,包含,婚姻,模块
问未婚同居财产怎么分割,问题,包含,婚姻,模块
问第一次起诉离婚法院是否会判离,问题,包含,婚姻,模块
问婚前财产公证的具体流程,问题,包含,婚姻,模块
问一方不签字可以离婚吗,问题,包含,婚姻,模块
问法律上如何分割夫妻共同财产,问题,包含,婚姻,模块
问变更子女抚养权的前提是什么,问题,包含,婚姻,模块
问婚内财产协议需要进行公证吗,问题,包含,婚姻,模块
问离婚可以分割个人工资吗,问题,包含,婚姻,模块
问人失踪多久婚姻宣布无效,问题,包含,婚姻,模块
问孩子的抚养费不够能追加吗,问题,包含,婚姻,模块
问彩礼返还的举证责任是怎样的,问题,包含,婚姻,模块
问夫妻结婚一年离婚彩礼是否可以退,问题,包含,婚姻,模块
问抚养权能否要回来如何要回孩子抚养权,问题,包含,婚姻,模块
问父提出亲子鉴定后才支付抚养费怎么办,问题,包含,婚姻,模块
问离婚后子女抚养权能否变更,问题,包含,婚姻,模块
问夫妻离婚财产不给对方如何处理,问题,包含,婚姻,模块
问离婚过错赔偿具体需要满足哪些条件,问题,包含,婚姻,模块
问夫妻共同财产的认定标准是怎样的,问题,包含,婚姻,模块
问夫妻离婚有过错的一方如何分财产,问题,包含,婚姻,模块
问起诉离婚要同时用人单位吗,问题,包含,婚姻,模块
问父母离婚后抚养孩子到多少岁,问题,包含,婚姻,模块
问遗嘱公证一般需要什么材料,问题,包含,婚姻,模块
问离婚房产归男方如何进行过户,问题,包含,婚姻,模块
问一方非法同居离婚财产分割是如何的,问题,包含,婚姻,模块
问已婚男又与人非婚生子构成重婚罪吗,问题,包含,婚姻,模块
问父亲的婚前财产如何分配,问题,包含,婚姻,模块
问如何确定未成年人的法定抚养人,问题,包含,婚姻,模块
问起诉离婚一般多长时间判离婚,问题,包含,婚姻,模块
问能起诉解除同居关系吗,问题,包含,婚姻,模块
问哪些情况视为感情确已破裂,问题,包含,婚姻,模块
问女方丧偶孩子抚养权应该归谁所有,问题,包含,婚姻,模块
问分居满两年算不算自动离婚呢,问题,包含,婚姻,模块
问婚后女方要成为男方家的一员吗,问题,包含,婚姻,模块
问对方不给抚养费如何处理,问题,包含,婚姻,模块
问夫妻离婚可以分割孩子的财产吗,问题,包含,婚姻,模块
问离婚时一方下落不明法院会如何判,问题,包含,婚姻,模块
问父母遗嘱能剥夺尽赡养义务子女的继承权吗,问题,包含,婚姻,模块
问父母未尽抚养义务是否也可要求子女赡养,问题,包含,婚姻,模块
问需要返还彩礼的情况有什么,问题,包含,婚姻,模块
问离婚经三次传唤拒不到庭如何处理,问题,包含,婚姻,模块
问离婚一方不给抚养费应当怎样处理,问题,包含,婚姻,模块
问夫妻共同财产的所有权是归谁,问题,包含,婚姻,模块
问夫妻双方已签订的离婚协议能否反悔,问题,包含,婚姻,模块
问离婚几年男方不给户口可以起诉吗,问题,包含,婚姻,模块
"﻿""",问题,包含,婚姻,模块
问,问题,包含,婚姻,模块
"抚养权变更程序是什么""",问题,包含,婚姻,模块
问遗嘱有什么形式,问题,包含,婚姻,模块
问事实婚姻家暴离婚彩礼怎么判？,问题,包含,婚姻,模块
问离婚子女继承财产吗？,问题,包含,婚姻,模块
问同居期间买房，分手之后如何分割？,问题,包含,婚姻,模块
问异地分居几年可以办离婚手续？,问题,包含,婚姻,模块
问夫妻共同财产一方转移怎么界定？,问题,包含,婚姻,模块
问给不起抚养费怎么办？,问题,包含,婚姻,模块
问婚后财产和婚前财产继承有什么不同？,问题,包含,婚姻,模块
问男方有家庭暴力离婚孩子归谁？,问题,包含,婚姻,模块
问和第三者有孩子算重婚罪吗？,问题,包含,婚姻,模块
问离婚案件起诉时需要准备什么材料,问题,包含,婚姻,模块
问非婚生子女能分得家产吗,问题,包含,婚姻,模块
问企业年金到底算不算夫妻共同财产,问题,包含,婚姻,模块
问立遗嘱可以剥夺未成年人的继承权吗,问题,包含,婚姻,模块
问哺乳期内离婚的限制条件有哪些,问题,包含,婚姻,模块
问当事人可以因家庭冷暴力作为离婚的理由吗,问题,包含,婚姻,模块
问男方性无能可以离婚吗,问题,包含,婚姻,模块
问夫妻感情破裂的判断标准,问题,包含,婚姻,模块
问起诉离婚需要准备的证据有哪些,问题,包含,婚姻,模块
"问丈夫瘫痪妻子要离婚,男方不同意可以离吗",问题,包含,婚姻,模块
问诉讼离婚在哪些情况下采用特殊的地域管辖,问题,包含,婚姻,模块
问离婚后夫妻的共同财产是怎么判的,问题,包含,婚姻,模块
问转继承权的内容包含哪些,问题,包含,婚姻,模块
问离婚损害赔偿诉讼有哪些规定及条件,问题,包含,婚姻,模块
问夫妻共同财产包含的范围有哪些,问题,包含,婚姻,模块
"问丈夫与他人通奸,妻子可以要求损害赔偿吗",问题,包含,婚姻,模块
问离婚子女的抚养权怎么确定,问题,包含,婚姻,模块
问非婚生子女都有哪些权利,问题,包含,婚姻,模块
问离婚损害赔偿的构成要件,问题,包含,婚姻,模块
问抚养费标准是怎样确定的,问题,包含,婚姻,模块
问打印出来的遗嘱是否有效,问题,包含,婚姻,模块
问未尽抚养义务的父子关系能否自行解除,问题,包含,婚姻,模块
问自书遗嘱是否有效,问题,包含,婚姻,模块
问无血缘的继子女可以继承继父的遗产吗,问题,包含,婚姻,模块
问离婚都有什么方式,问题,包含,婚姻,模块
问妻子被判刑丈夫可以离婚吗,问题,包含,婚姻,模块
问夫妻一方怎么样能提起离婚诉讼,问题,包含,婚姻,模块
问二次起诉离婚多久可以判离,问题,包含,婚姻,模块
问离婚财产分割协商不成怎么处理,问题,包含,婚姻,模块
问亲人死亡财产分割问题如何分割,问题,包含,婚姻,模块
问被撤销的婚姻的财产要如何进行分割,问题,包含,婚姻,模块
问儿媳对男方父母有赡养义务吗,问题,包含,婚姻,模块
问债务人死亡且遗产无人继承要如何处理,问题,包含,婚姻,模块
问遗赠扶养协议可以由法定继承人签订吗,问题,包含,婚姻,模块
问协议离婚后是否可以重新进行诉讼,问题,包含,婚姻,模块
问在异地可以办离婚吗,问题,包含,婚姻,模块
问公证遗赠的有效期是多久,问题,包含,婚姻,模块
问离婚后能要求再分割财产吗,问题,包含,婚姻,模块
问当事人都不愿做亲子鉴定的能强制么,问题,包含,婚姻,模块
问离婚一般给孩子的抚养费标准是什么,问题,包含,婚姻,模块
问在失业状态判决抚养费要怎样判,问题,包含,婚姻,模块
问起诉离婚原告转成被告是否可以,问题,包含,婚姻,模块
问婚内将财产给他人侵权吗,问题,包含,婚姻,模块
问如何订立录音遗嘱,问题,包含,婚姻,模块
问女方可以终止前夫探视么,问题,包含,婚姻,模块
问离婚后有精神病能有抚养权吗,问题,包含,婚姻,模块
问离婚案可以财产保全么,问题,包含,婚姻,模块
问在离婚上诉期间结婚是否构成重婚罪,问题,包含,婚姻,模块
问丧偶儿媳是否有赡养公婆的义务,问题,包含,婚姻,模块
问遗嘱存放在遗嘱执行人处有时间限制吗,问题,包含,婚姻,模块
问夫妻一方签订完离婚协议后能否后悔,问题,包含,婚姻,模块
问不离婚请求分割财产的流程是什么,问题,包含,婚姻,模块
问哺乳期如何进行诉讼离婚程序,问题,包含,婚姻,模块
问一方起诉离婚需要哪些证件,问题,包含,婚姻,模块
问继承权丧失后还可以获得吗,问题,包含,婚姻,模块
问夫妻分居多长时间后能离婚,问题,包含,婚姻,模块
问婚前财产公证需要提供哪些材料,问题,包含,婚姻,模块
问什么情况下不能返还彩礼,问题,包含,婚姻,模块
问一方拒付抚养费能判刑吗,问题,包含,婚姻,模块
问婚前财产公证必须要求双方到齐吗,问题,包含,婚姻,模块
问夫妻对共同财产的权利有哪些,问题,包含,婚姻,模块
问协议离婚财产分割的规定是否有效,问题,包含,婚姻,模块
问起诉离婚适用条件有什么,问题,包含,婚姻,模块
问夫妻个人债务的范围是怎样的,问题,包含,婚姻,模块
问起诉离婚需要准备什么证据,问题,包含,婚姻,模块
问离婚协议公证后是否才有法律效力,问题,包含,婚姻,模块
问如何起诉男方提高孩子的抚养费,问题,包含,婚姻,模块
问夫妻谁先提出离婚财产分割是否有影响,问题,包含,婚姻,模块
问父母婚前买的房离婚时房产如何分割,问题,包含,婚姻,模块
问离婚探视孩子法院怎么判决,问题,包含,婚姻,模块
问转继承的内容有哪些,问题,包含,婚姻,模块
问协议离婚女方给多少抚养费,问题,包含,婚姻,模块
问财产分割协议需要公证人吗,问题,包含,婚姻,模块
问到公证处公证夫妻共同财产有什么规定,问题,包含,婚姻,模块
问夫妻共同财产的房产出售能单方面进行吗,问题,包含,婚姻,模块
问离婚财产后悔诉讼时效是多久,问题,包含,婚姻,模块
问返还彩礼需要什么法律规定,问题,包含,婚姻,模块
问离婚协议中的赠与财产可以撤销吗,问题,包含,婚姻,模块
问法律规定子女监护权有什么内容,问题,包含,婚姻,模块
问女儿能否继承父亲股权,问题,包含,婚姻,模块
问胎儿继承份额的保留应如何处理,问题,包含,婚姻,模块
问没公证的遗嘱就无效吗,问题,包含,婚姻,模块
问哪些情况下司法实践中不予彩礼返还,问题,包含,婚姻,模块
问儿媳对公婆、女婿对岳父母有赡养义务吗,问题,包含,婚姻,模块
问婚后父母出资购房属于夫妻共同财产吗,问题,包含,婚姻,模块
问小三生的孩子法院会判给男方吗,问题,包含,婚姻,模块
问养子女的抚养权归谁,问题,包含,婚姻,模块
问如果男方出轨是否会净身出户,问题,包含,婚姻,模块
问婚姻关系存续期间提起抚养费诉讼是否可以,问题,包含,婚姻,模块
问吸毒离婚孩子怎么判,问题,包含,婚姻,模块
问婚前协议需要具备的有效要件是什么,问题,包含,婚姻,模块
问智力四级残疾需指定监护人吗,问题,包含,婚姻,模块
问主张变更抚养关系需提交哪些证据,问题,包含,婚姻,模块
问夫妻结婚后父母给的财产是否属于共同财产,问题,包含,婚姻,模块
问继承有时间限制吗,问题,包含,婚姻,模块
问可以放弃探望权吗,问题,包含,婚姻,模块
问无行为能力人该怎样行使继承权,问题,包含,婚姻,模块
问彩礼纠纷的诉讼时效是多久,问题,包含,婚姻,模块
问离婚后夫妻财产如何分割,问题,包含,婚姻,模块
问婚前财产婚后可以加名吗,问题,包含,婚姻,模块
问离婚损害赔偿的请求权有哪些要求,问题,包含,婚姻,模块
问争夺孩子抚养权需要什么证据,问题,包含,婚姻,模块
问遗产能分给孩子吗,问题,包含,婚姻,模块
问离婚后抚养权应该怎么处理,问题,包含,婚姻,模块
问抚养费有什么法律规定的支付标准吗,问题,包含,婚姻,模块
问非婚生子女母亲死亡的父亲要给抚养费吗,问题,包含,婚姻,模块
问法律对遗产继承诉讼是如何规定的,问题,包含,婚姻,模块
问孩子多大可以自己选择抚养权,问题,包含,婚姻,模块
问诉讼离婚的详细条件有哪些,问题,包含,婚姻,模块
问分居满两年能否解除婚姻关系,问题,包含,婚姻,模块
问法院会根据什么判定孩子的抚养权,问题,包含,婚姻,模块
问离婚诉前调解程序是什么,问题,包含,婚姻,模块
问协议离婚后一方当事人反悔怎么办,问题,包含,婚姻,模块
问夫妻一方不幸离世共同财产如何分配,问题,包含,婚姻,模块
问遭遇家庭暴力到哪里去做伤情鉴定,问题,包含,婚姻,模块
问著作权、专利权中的财产权利能继承吗,问题,包含,婚姻,模块
问离婚对方不要抚养费以后有探视权吗,问题,包含,婚姻,模块
问失踪人员的财产可以作为遗产处理吗,问题,包含,婚姻,模块
问继母是否能取得继子女的监护权,问题,包含,婚姻,模块
问谁可以提出变更抚养费,问题,包含,婚姻,模块
问探望协议能约定违约金吗,问题,包含,婚姻,模块
问协议离婚要走什么程序呢,问题,包含,婚姻,模块
问两个儿子如何赡养老人,问题,包含,婚姻,模块
问协议离婚怎么离,问题,包含,婚姻,模块
问同居者分割财产时按照什么步骤,问题,包含,婚姻,模块
问法定监护人如何设定,问题,包含,婚姻,模块
问离婚时作出的财产分割协议什么情况下无效,问题,包含,婚姻,模块
问争夺孩子抚养权问题中要提交什么证据,问题,包含,婚姻,模块
问老公在监狱可以离婚吗,问题,包含,婚姻,模块
问夫妻结婚登记地对小孩会有影响吗,问题,包含,婚姻,模块
问同居期间的共同财产如何分割,问题,包含,婚姻,模块
问离婚如何争取子女抚养权,问题,包含,婚姻,模块
问父母为子女婚前买房是属于谁,问题,包含,婚姻,模块
问遗嘱的形式及有效条件是什么,问题,包含,婚姻,模块
问社会抚养费继续征收的标准是什么,问题,包含,婚姻,模块
问继承人丧失继承权的其子女可代位继承吗,问题,包含,婚姻,模块
问死亡赔偿金是否属于遗产范围,问题,包含,婚姻,模块
问在我国起诉离婚财产怎么分,问题,包含,婚姻,模块
问子女继承权的分配是如何的,问题,包含,婚姻,模块
问离婚时哪些情况能请求损害赔偿,问题,包含,婚姻,模块
问起诉离婚的条件需要具备哪些,问题,包含,婚姻,模块
问赠予现金反悔诉讼时效,问题,包含,婚姻,模块
问离婚后财产分割原则是什么,问题,包含,婚姻,模块
问属于夫妻一方财产的情形有哪些,问题,包含,婚姻,模块
问抚养费的给付标准是什么,问题,包含,婚姻,模块
问离婚时夫妻婚内财产怎么分割,问题,包含,婚姻,模块
问对方不给抚养费怎么办,问题,包含,婚姻,模块
问向法院起诉离婚多长时间才能做出判决,问题,包含,婚姻,模块
问诉讼婚姻无效的有哪些情形,问题,包含,婚姻,模块
问协议离婚的意思是什么,问题,包含,婚姻,模块
问婚内夫妻之间打借条是否有效,问题,包含,婚姻,模块
问夫妻起诉离婚流程,问题,包含,婚姻,模块
问起诉离婚可以委托代理人吗,问题,包含,婚姻,模块
问在什么情况下可以剥夺抚养权,问题,包含,婚姻,模块
问夫妻地位平等吗,问题,包含,婚姻,模块
问分居是否要支付孩子抚养费,问题,包含,婚姻,模块
问夫妻都想争取抚养权如何收集相关证据,问题,包含,婚姻,模块
问根据规定丈夫死后孩子谁来抚养,问题,包含,婚姻,模块
问提起离婚诉讼需要哪些条件,问题,包含,婚姻,模块
问配偶出轨如何离婚一方发生婚外情怎么离婚,问题,包含,婚姻,模块
问可撤销的婚姻效力是怎样的,问题,包含,婚姻,模块
问离婚后如何分割婚内房产,问题,包含,婚姻,模块
问在什么地方办理异地离婚手续,问题,包含,婚姻,模块
问赡养费纠纷的管辖法院是如何的,问题,包含,婚姻,模块
问不给抚养费可以提起损害赔偿诉讼吗,问题,包含,婚姻,模块
问起诉离婚开庭后调解和好要撤诉吗,问题,包含,婚姻,模块
问夫妻结婚几年财产可以平分,问题,包含,婚姻,模块
问因继承发生纠纷由哪里的法院管辖,问题,包含,婚姻,模块
问婚姻关系存续期间能分割共同财产吗,问题,包含,婚姻,模块
问小孩判给女方女方是否应该支付抚养费,问题,包含,婚姻,模块
问女性婚后财产优先分配吗,问题,包含,婚姻,模块
问在婚姻存续期间获得的保险金是共同财产吗,问题,包含,婚姻,模块
问法律规定患哪些疾病不能结婚的,问题,包含,婚姻,模块
问遗嘱必须公证吗,问题,包含,婚姻,模块
问子女抚养权的确定标准是什么,问题,包含,婚姻,模块
问起诉离婚法院怎么判决的,问题,包含,婚姻,模块
问离婚期间能否要回嫁妆,问题,包含,婚姻,模块
问子女抚养费的支付方式是什么呢,问题,包含,婚姻,模块
问离婚案能申请再审吗,问题,包含,婚姻,模块
问未成年人怎样继承遗嘱,问题,包含,婚姻,模块
问离婚藏匿不动产怎么办,问题,包含,婚姻,模块
问婚后买车赠与一方属于共同财产吗,问题,包含,婚姻,模块
问离婚后孩子的抚养费如何付,问题,包含,婚姻,模块
问法定监护人需要进行公证吗,问题,包含,婚姻,模块
问离婚过错损害赔偿应当如何提出,问题,包含,婚姻,模块
问怎么分配离婚财产,问题,包含,婚姻,模块
问一方悔婚后结婚彩礼怎么办,问题,包含,婚姻,模块
问如何争两岁以内孩子的抚养权,问题,包含,婚姻,模块
问信用卡是否为夫妻共同财产,问题,包含,婚姻,模块
问起诉离婚分居对方的债务是否承担,问题,包含,婚姻,模块
问离婚分财产房子该归谁,问题,包含,婚姻,模块
问成年子女抚养费的给付标准是什么样的,问题,包含,婚姻,模块
问一方不能进行生育可以起诉离婚吗,问题,包含,婚姻,模块
问夫妻共有财产如何分配,问题,包含,婚姻,模块
问婚内抚养费诉讼会得到支持吗,问题,包含,婚姻,模块
问离婚协议在离婚前还能反悔吗,问题,包含,婚姻,模块
问夫妻要离婚时财产如何分割,问题,包含,婚姻,模块
问婚前个人的债务要如何承担,问题,包含,婚姻,模块
问离婚抚养费标准一般是多少,问题,包含,婚姻,模块
问申请办理结婚证要有小孩吗,问题,包含,婚姻,模块
问如果要离婚财产怎么分割有什么法律规定,问题,包含,婚姻,模块
问夫妻间赠与房产的法律效力,问题,包含,婚姻,模块
问婚后父母出资买房怎么证明是赠予一方的,问题,包含,婚姻,模块
问结婚不到一年离婚女方退彩礼吗,问题,包含,婚姻,模块
问离婚房子是男方的名字怎么办,问题,包含,婚姻,模块
问去法院起诉离婚起诉费用标准是多少,问题,包含,婚姻,模块
问起诉离婚要到哪里起诉,问题,包含,婚姻,模块
"问父母离婚后,继子女要承担赡养义务吗",问题,包含,婚姻,模块
问没有孩子离婚要返还彩礼吗,问题,包含,婚姻,模块
问患有梅毒离婚小孩抚养权怎么判,问题,包含,婚姻,模块
问商铺是可分割的共同财产吗,问题,包含,婚姻,模块
问婚内出轨财产怎么分割,问题,包含,婚姻,模块
问丧葬费是否可以在抚恤金中扣除,问题,包含,婚姻,模块
问离婚后财产纠纷时效是多长时间,问题,包含,婚姻,模块
问对方起诉离婚可以不去开庭吗,问题,包含,婚姻,模块
问个人所有的财产包括哪些财产,问题,包含,婚姻,模块
问老公去世了房产怎么分割,问题,包含,婚姻,模块
问分居能不能作为离婚的理由,问题,包含,婚姻,模块
问拆迁房夫妻离婚房产证怎么分,问题,包含,婚姻,模块
问汽车父母购买属于夫妻共同财产吗,问题,包含,婚姻,模块
问离婚的父母孩子需要赡养吗,问题,包含,婚姻,模块
问离婚要求一次性抚养费可以吗,问题,包含,婚姻,模块
问离婚孩子如何分配如何处理孩子抚养权,问题,包含,婚姻,模块
问夫妻财产的法律规定有什么,问题,包含,婚姻,模块
问抚养费要给到什么时候,问题,包含,婚姻,模块
问离婚中遗弃家庭成员怎么判定,问题,包含,婚姻,模块
问遗赠抚养协议管辖法律上有什么规定,问题,包含,婚姻,模块
问留守儿童监护人什么时候可以变更,问题,包含,婚姻,模块
问起诉离婚手续是怎样的,问题,包含,婚姻,模块
问非婚生子女法律上判给谁,问题,包含,婚姻,模块
问如果没证还要起诉离婚么,问题,包含,婚姻,模块
问夫妻离婚财产分割方式有哪些,问题,包含,婚姻,模块
问阐述在我国癫痫婚姻可撤销吗,问题,包含,婚姻,模块
问女方申请变更抚养权的条件有哪些,问题,包含,婚姻,模块
问离婚协议债务谁来偿还,问题,包含,婚姻,模块
问离婚后孩子的抚养权可以共同拥有吗,问题,包含,婚姻,模块
问彩礼的界定是怎样的,问题,包含,婚姻,模块
问离婚男方应该给孩子多少抚养费,问题,包含,婚姻,模块
问子女抚养费包括哪些费用,问题,包含,婚姻,模块
问新婚姻法男方婚后首付属于共同财产吗,问题,包含,婚姻,模块
问第三者怀孕法院怎么判,问题,包含,婚姻,模块
问起诉离婚无法确认对方常住地址在哪儿起诉,问题,包含,婚姻,模块
问起诉离婚法院会传第三者吗,问题,包含,婚姻,模块
问知识产权收益离婚时怎么分,问题,包含,婚姻,模块
问协议离婚后孩子可以有共同抚养权吗,问题,包含,婚姻,模块
问不继承遗产能否免除赡养父母的义务,问题,包含,婚姻,模块
问婚后购买的首饰离婚财产首饰怎样处理,问题,包含,婚姻,模块
问婚前承租公产房算婚前财产吗,问题,包含,婚姻,模块
问离婚一方有过错应当少分或不分财产吗,问题,包含,婚姻,模块
问协议离婚禁止事项包括哪些,问题,包含,婚姻,模块
问孕期及产期可以离婚吗,问题,包含,婚姻,模块
问非婚生子女的界定,问题,包含,婚姻,模块
问婚姻法中对于夫妻财产怎样分配,问题,包含,婚姻,模块
问离婚协仪一方放弃财产如何处理,问题,包含,婚姻,模块
问可撤销婚姻的诉讼时效是多久,问题,包含,婚姻,模块
问没有进行结婚登记有孩子怎么离婚,问题,包含,婚姻,模块
问人民法院判决抚养费根据的依据是什么,问题,包含,婚姻,模块
问离婚财产公证所需材料都有哪些,问题,包含,婚姻,模块
问离婚时已经取得产权的房屋如何分割,问题,包含,婚姻,模块
问可撤销婚姻申请时间是多久,问题,包含,婚姻,模块
问家暴起诉离婚孩子应该归谁,问题,包含,婚姻,模块
问涉外离婚案件应该如何进行诉讼,问题,包含,婚姻,模块
问夫妻打离婚官司流程是什么,问题,包含,婚姻,模块
问共同收养的孩子离婚后归谁,问题,包含,婚姻,模块
问婚后赚的钱是共同财产吗,问题,包含,婚姻,模块
问自书遗嘱的法律效力是什么,问题,包含,婚姻,模块
问怎么认定夫妻共同债务呢,问题,包含,婚姻,模块
问父亲失踪子女可以代位继承人吗,问题,包含,婚姻,模块
问接受遗赠的时间应该从什么时候开始算起,问题,包含,婚姻,模块
问离婚后小孩抚养费能否一次性支付,问题,包含,婚姻,模块
问孕期老公出轨起诉离婚由女方实行是否可行,问题,包含,婚姻,模块
问离婚以后再起诉财产合法吗,问题,包含,婚姻,模块
问增加抚养费有什么条件,问题,包含,婚姻,模块
问父亲过世第一继承人是谁,问题,包含,婚姻,模块
问不支付抚养费会不会承担刑事责任,问题,包含,婚姻,模块
问婚前财产协议书怎么写,问题,包含,婚姻,模块
问父母资助的购房款离婚时归谁所有,问题,包含,婚姻,模块
问代位继承人和第一顺序哪个优先,问题,包含,婚姻,模块
问非婚生子女可以享有继承权吗,问题,包含,婚姻,模块
问哺乳期内孩子抚养权属于哪一方,问题,包含,婚姻,模块
问提供分居证明就能离婚吗,问题,包含,婚姻,模块
问离婚时遗漏的财产怎么办,问题,包含,婚姻,模块
问协议离婚后请求精神损害赔偿是否合理,问题,包含,婚姻,模块
问离婚诉讼费由哪方承担,问题,包含,婚姻,模块
问办理监护公证需要提供什么材料,问题,包含,婚姻,模块
问家暴起诉离婚程序,问题,包含,婚姻,模块
问神经病家暴可以离婚吗,问题,包含,婚姻,模块
问婚前债务由谁承担,问题,包含,婚姻,模块
问离婚损害赔偿请求权应该在什么时间行使呢,问题,包含,婚姻,模块
问离婚逃避共同债务是否有效,问题,包含,婚姻,模块
问子女由男方抚养的情况是什么,问题,包含,婚姻,模块
问夫妻离婚抚养权不给对方可以吗,问题,包含,婚姻,模块
问离婚协议书公证需要什么材料证件,问题,包含,婚姻,模块
问抚恤金和保险金的继承有哪些规定,问题,包含,婚姻,模块
问离婚协议书抚养费要支付到孩子几岁,问题,包含,婚姻,模块
问亲属关系公证需要多长时间,问题,包含,婚姻,模块
问婚前个人债务离婚后怎么处理？,问题,包含,婚姻,模块
问女方获得子女抚养权应满足哪些条件,问题,包含,婚姻,模块
问遗产的范围有什么,问题,包含,婚姻,模块
问前夫不给抚养费可以到法院起诉吗,问题,包含,婚姻,模块
问遗嘱如果没有公证有效吗,问题,包含,婚姻,模块
问出嫁的女儿有赡养父母的义务吗,问题,包含,婚姻,模块
问无人继承又无人受遗赠的遗产该怎么办,问题,包含,婚姻,模块
问夫妻感情破裂的离婚标准有哪些,问题,包含,婚姻,模块
问办理涉台遗产继承都需要哪些材料,问题,包含,婚姻,模块
问无民事行为人放弃继承权有效力吗,问题,包含,婚姻,模块
问非婚生子女如何证明亲属关系,问题,包含,婚姻,模块
问儿童的法定监护人有哪些,问题,包含,婚姻,模块
问父母资助的房产该怎样分割,问题,包含,婚姻,模块
问女方起诉离婚会吃亏吗,问题,包含,婚姻,模块
问遗嘱执行人不执行怎么办,问题,包含,婚姻,模块
问婚内财产公证费用的标准是什么,问题,包含,婚姻,模块
问继承权要怎么公证,问题,包含,婚姻,模块
问一方能起诉支付抚养费吗,问题,包含,婚姻,模块
问离婚案件中什么能够作为直接证据,问题,包含,婚姻,模块
问婚后父母出钱买的房子离婚如何分,问题,包含,婚姻,模块
问遗嘱人是否一定要有遗嘱能力,问题,包含,婚姻,模块
问离婚时房子有抵押贷款的怎么办,问题,包含,婚姻,模块
问法律规定监护人怎样取消,问题,包含,婚姻,模块
问哪些情况适用法定继承,问题,包含,婚姻,模块
问解除同居关系需要进行公证吗,问题,包含,婚姻,模块
问离婚前转移财产是否合法,问题,包含,婚姻,模块
问因出轨离婚可不可以要赔偿,问题,包含,婚姻,模块
问办理协议离婚必须符合哪些条件,问题,包含,婚姻,模块
问夫妻共同债务离婚时怎么处理,问题,包含,婚姻,模块
问怀孕期间离婚孩子抚养权归谁,问题,包含,婚姻,模块
问父母离婚放弃抚养费的约定有效吗,问题,包含,婚姻,模块
问结婚彩礼能否返还,问题,包含,婚姻,模块
问起诉离婚男方可以要求赔偿吗,问题,包含,婚姻,模块
问协议离婚后能否变更或者撤销财产分割协议,问题,包含,婚姻,模块
问财产分割证据有什么,问题,包含,婚姻,模块
问孩子6岁离婚如何判,问题,包含,婚姻,模块
问诉讼离婚程序是怎样的,问题,包含,婚姻,模块
问办理遗产继承后多久可以买卖房产,问题,包含,婚姻,模块
问子女抚养权确定有哪些情况,问题,包含,婚姻,模块
问外祖母去世后遗产怎样分割,问题,包含,婚姻,模块
问单方擅自出卖婚后房产是否有效,问题,包含,婚姻,模块
问离婚分财产房子应该归谁,问题,包含,婚姻,模块
问解读协议离婚的程序,问题,包含,婚姻,模块
问支持离婚损害赔偿的情形有哪些,问题,包含,婚姻,模块
问法定监护人的设立顺序和监护范围,问题,包含,婚姻,模块
问结婚多久离婚不用退彩礼,问题,包含,婚姻,模块
问离婚诉讼的管辖问题,问题,包含,婚姻,模块
问对方出轨了如何收集哪些证据,问题,包含,婚姻,模块
问人民法院协议离婚程序,问题,包含,婚姻,模块
问非婚生子女可以继承财产吗,问题,包含,婚姻,模块
问约定的抚养费是否能够减少,问题,包含,婚姻,模块
问父母监护资格如何申请撤销,问题,包含,婚姻,模块
问死亡赔偿金的继承,问题,包含,婚姻,模块
问新婚姻法婚前买车的归属是如何规定的,问题,包含,婚姻,模块
问个人所写欠条能否将其配偶列为共同被告,问题,包含,婚姻,模块
问夫妻关系存续期间夫妻共同财产可否分割,问题,包含,婚姻,模块
问可以提出离婚精神损害赔偿的范围,问题,包含,婚姻,模块
问什么情形下可以要求变更子女的抚养权,问题,包含,婚姻,模块
问第二次起诉离婚程序,问题,包含,婚姻,模块
问夫妻离婚如何分割共有房屋,问题,包含,婚姻,模块
问侄子外甥有继承权吗,问题,包含,婚姻,模块
问亲人去世遗产如何分割,问题,包含,婚姻,模块
问离婚时房产应如何处理,问题,包含,婚姻,模块
问夫妻共有房屋离婚时如何分割,问题,包含,婚姻,模块
问房子是不是夫妻共有财产,问题,包含,婚姻,模块
问离婚后对约定财产分割协议不满怎么办,问题,包含,婚姻,模块
问夫妻股权分割需要评估吗,问题,包含,婚姻,模块
问协议离婚要求过错方赔偿要满足什么条件,问题,包含,婚姻,模块
问女人可以和精神病老公离婚吗,问题,包含,婚姻,模块
问抚养费可以减少吗,问题,包含,婚姻,模块
问协议离婚后能否索要精神损害赔偿,问题,包含,婚姻,模块
问一个家庭里谁是孩子的直接抚养人,问题,包含,婚姻,模块
问法律规定离婚都需要什么条件,问题,包含,婚姻,模块
问关于法院调解离婚的法律规定,问题,包含,婚姻,模块
问法律规定约定放弃探望权有效吗,问题,包含,婚姻,模块
问监护人个行为能力鉴定标准是什么,问题,包含,婚姻,模块
问法院判决离婚的条件包括什么,问题,包含,婚姻,模块
问离婚房产分割打官司规定是什么,问题,包含,婚姻,模块
问一方死亡财产分割比例是多少,问题,包含,婚姻,模块
问离婚后抚养费女方不付该怎么办,问题,包含,婚姻,模块
问涉外离婚孩子抚养权是怎么规定的,问题,包含,婚姻,模块
问离婚之时孩子的抚养权归哪一方,问题,包含,婚姻,模块
问结婚登记去哪里办理,问题,包含,婚姻,模块
问遗嘱执行人的范围,问题,包含,婚姻,模块
问根据规定无效婚姻情形有哪些,问题,包含,婚姻,模块
问夫妻起诉离婚去哪里办理手续,问题,包含,婚姻,模块
问婚姻法出轨抚养权分配怎么处理,问题,包含,婚姻,模块
问老公有外遇要离婚妻子怎么搜集离婚证据,问题,包含,婚姻,模块
问离婚怎么能争取到孩子抚养权,问题,包含,婚姻,模块
问女方起诉离婚分割财产吗,问题,包含,婚姻,模块
问离婚后可以复婚吗,问题,包含,婚姻,模块
问遇到家暴可以离婚吗,问题,包含,婚姻,模块
问夫妻分居离婚要满足什么条件,问题,包含,婚姻,模块
问申请探视权可以强制执行吗,问题,包含,婚姻,模块
问一方不同意离婚法院怎么判,问题,包含,婚姻,模块
问夫妻分居协议有效吗,问题,包含,婚姻,模块
问孩子抚养权多少岁结束,问题,包含,婚姻,模块
问婚前受赠财产归哪方所有,问题,包含,婚姻,模块
问丈夫在哪些情况下不能起诉离婚,问题,包含,婚姻,模块
问起诉离婚立案时应当提供哪些证据材料,问题,包含,婚姻,模块
问离婚前财产清算如何进行,问题,包含,婚姻,模块
问申请由男方抚养孩子的有利条件包括哪些,问题,包含,婚姻,模块
问法定继承人的资格如何认定,问题,包含,婚姻,模块
问遗嘱继承能否忽略继承人,问题,包含,婚姻,模块
问分居两年夫妻主动离婚财产怎么分配,问题,包含,婚姻,模块
问老年人有要求赡养人交付赡养费的权利吗,问题,包含,婚姻,模块
问改嫁媳妇赡养公婆可以继承房产吗,问题,包含,婚姻,模块
问近亲结婚会产生什么法律后果,问题,包含,婚姻,模块
问丈夫借钱不还，妻子要承担还款责任吗,问题,包含,婚姻,模块
问父母可以与被判刑的子女脱离关系吗,问题,包含,婚姻,模块
问起诉离婚一般开庭几次,问题,包含,婚姻,模块
问继承权在哪里公证,问题,包含,婚姻,模块
问离婚房屋过户未满5年能办过户吗,问题,包含,婚姻,模块
问可以写遗嘱将房产遗赠他人吗,问题,包含,婚姻,模块
问继承权是否可以放弃,问题,包含,婚姻,模块
问离婚后变更孩子抚养权需要哪些条件,问题,包含,婚姻,模块
问夫妻离婚小孩如何判才好,问题,包含,婚姻,模块
问离婚案件中转移财产如何处理,问题,包含,婚姻,模块
问小三的孩子没有资格继承生父的财产吗,问题,包含,婚姻,模块
问男方单方面提出离婚需要什么手续,问题,包含,婚姻,模块
问收养子女关系解除条件,问题,包含,婚姻,模块
问老公死后公积金属于谁,问题,包含,婚姻,模块
问婚内协议怎样才有效,问题,包含,婚姻,模块
问婚前协议如何写,问题,包含,婚姻,模块
问兄妹之间是否有继承权,问题,包含,婚姻,模块
问恶意侵害夫妻共有财产的要怎么制裁,问题,包含,婚姻,模块
问妻子私自担保丈夫应否承担连带责任,问题,包含,婚姻,模块
问户口本变更婚姻状况必须本人到场吗,问题,包含,婚姻,模块
问最新遗产继承诉讼时效法律是怎么规定的,问题,包含,婚姻,模块
问房屋增值夫妻共同财产应该怎么分割,问题,包含,婚姻,模块
问妻子怀疑丈夫外遇向法院诉讼需要哪些程序,问题,包含,婚姻,模块
问在异地办理结婚登记需要哪些材料呢,问题,包含,婚姻,模块
"问儿子去世,孙子是否有代位继承权",问题,包含,婚姻,模块
问不公证的婚前协议有法律效力吗,问题,包含,婚姻,模块
问如果变更监护人协议变更可不可以,问题,包含,婚姻,模块
问结婚一定要签订婚前财产协议吗,问题,包含,婚姻,模块
问网婚具有法律效力吗,问题,包含,婚姻,模块
问非婚生子女能否继承父母的遗产,问题,包含,婚姻,模块
问大哥意外去世财产分割怎么进行,问题,包含,婚姻,模块
问领结婚证的年龄限制,问题,包含,婚姻,模块
问离婚后变更抚养权的条件有哪些,问题,包含,婚姻,模块
问怎样确定孩子的抚养权,问题,包含,婚姻,模块
问夫妻离婚需要哪些手续,问题,包含,婚姻,模块
问离婚后12岁女儿谁抚养,问题,包含,婚姻,模块
问异地离婚如何办理，有什么程序,问题,包含,婚姻,模块
问结婚未同居可以要求返还彩礼吗,问题,包含,婚姻,模块
问夫妻房产在国外离婚后如何进行房产分割,问题,包含,婚姻,模块
问离婚损害赔偿中是否包括精神损害赔偿,问题,包含,婚姻,模块
问结婚时候给彩礼会还回来吗,问题,包含,婚姻,模块
问在我国离婚男方抚养权吗,问题,包含,婚姻,模块
问第二次起诉判离婚的情形包括哪些,问题,包含,婚姻,模块
问农村子女的抚养费怎么计算,问题,包含,婚姻,模块
问单方面离婚财产分割应该怎么处理,问题,包含,婚姻,模块
问婚姻法中的无效婚姻的情形是什么,问题,包含,婚姻,模块
问中止探望权的条件有哪些,问题,包含,婚姻,模块
问夫妻离婚后小孩抚养费法院怎么判,问题,包含,婚姻,模块
问离婚后民政局给办自愿放弃探视权吗,问题,包含,婚姻,模块
问妻子怀孕离婚财产分配是怎样的,问题,包含,婚姻,模块
问孩子上学可多要抚养费吗,问题,包含,婚姻,模块
问婚前出资购买的房产离婚怎么分,问题,包含,婚姻,模块
问无力抚养孩子的条件如何认定,问题,包含,婚姻,模块
问中止探视权时间的规定是怎样的,问题,包含,婚姻,模块
问哺乳期男方提出离婚财产分割可以吗,问题,包含,婚姻,模块
问离婚后孩子的抚养费怎么算,问题,包含,婚姻,模块
问离婚孩子抚养权如何判,问题,包含,婚姻,模块
问新婚姻法离婚财产分割,问题,包含,婚姻,模块
问没结婚生孩子孩子归谁,问题,包含,婚姻,模块
问遗产继承人的顺序,问题,包含,婚姻,模块
问结婚登记都需要带什么证件材料,问题,包含,婚姻,模块
问法院判决离婚的条件是什么,问题,包含,婚姻,模块
问如果想办结婚证但是户口在一起怎么办,问题,包含,婚姻,模块
问夫妻分居离婚符合什么条件,问题,包含,婚姻,模块
问离婚后，女方要支付抚养费吗,问题,包含,婚姻,模块
问离婚的话孩子六岁怎么判决抚养权,问题,包含,婚姻,模块
问婚内怀了别人的孩子怎么办,问题,包含,婚姻,模块
问分居满两年是否能成功离婚,问题,包含,婚姻,模块
问离婚后孩子抚养费需要怎么计算,问题,包含,婚姻,模块
问孩子的归属权离婚时怎么分,问题,包含,婚姻,模块
问无血缘关系赡养协议有效吗,问题,包含,婚姻,模块
问起诉离婚审判阶段的程序是怎样的,问题,包含,婚姻,模块
问家庭暴力法律上怎么规定,问题,包含,婚姻,模块
问没有继承遗产需要平等赡养吗,问题,包含,婚姻,模块
问撤销了离婚诉讼还能上诉吗,问题,包含,婚姻,模块
问新婚姻法如何判定出轨,问题,包含,婚姻,模块
问父母一方立遗嘱需要什么人在场,问题,包含,婚姻,模块
问离婚出轨证据有哪些,问题,包含,婚姻,模块
问父亲坐牢孩子由谁抚养,问题,包含,婚姻,模块
问夫妻婚后债务如何承担,问题,包含,婚姻,模块
问离婚时对方恶意转移财产如何处理,问题,包含,婚姻,模块
问先起诉离婚有什么优势,问题,包含,婚姻,模块
问夫妻能同时起诉离婚吗,问题,包含,婚姻,模块
问如果对方不同意离婚怎么办,问题,包含,婚姻,模块
问遗产包括期权吗,问题,包含,婚姻,模块
